name,Accuracy,Train Sample,Average Training Time,Average Score Time,Test Accuracy,Test Prediction Time,Test Prediction Time/Sample
no_feature_selection,0.9998,29298,33.96593050956726,0.24641680717468262,0.9998634719093453,0.35413575172424316,1.2087369503865218e-05
var_threshold,0.9994,29298,24.138613152503968,0.232155442237854,0.9993856235920541,0.22396397590637207,7.644343501480376e-06
info_gain_ratio,0.9994,29298,20.76382985115051,0.24742684364318848,0.9993856235920541,0.2145709991455078,7.323742205799297e-06
corr_threshold,0.9997,29298,18.144563412666322,0.22706031799316406,0.9998634719093453,0.22147321701049805,7.559328862396684e-06
