name,Accuracy,Train Sample,Average Training Time,Average Score Time,Test Accuracy,Test Prediction Time,Test Prediction Time/Sample
no_feature_selection,0.9997,29298,45.33031334877014,0.30010619163513186,0.9998634719093453,0.30202555656433105,1.0308743141659194e-05
var_threshold,0.9995,29298,31.749286794662474,0.27821712493896483,0.9992490955013994,0.22335100173950195,7.623421453324526e-06
info_gain_ratio,0.9995,29298,39.8155109167099,0.3534464597702026,0.9993856235920541,0.286515474319458,9.779352662961909e-06
corr_threshold,0.9998,29298,28.43729031085968,0.3430241823196411,0.9998634719093453,0.5677449703216553,1.9378284194199444e-05
