name,Accuracy,Train Sample,Average Training Time,Average Score Time,Test Accuracy,Test Prediction Time,Test Prediction Time/Sample
no_feature_selection,0.9997,29298,14.190539360046387,0.09164056777954102,0.999897603932009,0.19582653045654297,6.683955575689227e-06
var_threshold,0.9995,29298,10.518130540847778,0.08159749507904053,0.9992149634787357,0.16893625259399414,5.766136002252514e-06
info_gain_ratio,0.9995,29298,8.978066301345825,0.08062424659729003,0.9993173595467267,0.1590590476989746,5.429007020922064e-06
corr_threshold,0.9997,29298,8.402243518829346,0.0778993844985962,0.999897603932009,0.16463923454284668,5.619470084744579e-06
