name,Accuracy,Train Sample,Average Training Time,Average Score Time,Test Accuracy,Test Prediction Time,Test Prediction Time/Sample
no_feature_selection,0.9997,29298,50.69823145866394,0.7896336793899537,0.999795207864018,1.1504747867584229,3.92680314956114e-05
var_threshold,0.9993,29298,38.46249957084656,0.3637306451797485,0.9994197556147177,0.2800257205963135,9.557844241801949e-06
info_gain_ratio,0.9995,29298,41.35968465805054,0.3685661792755127,0.9993173595467267,0.2266550064086914,7.736193815574148e-06
corr_threshold,0.9996,29298,21.873302936553955,0.31180999279022215,0.999897603932009,0.34903407096862793,1.1913238820691785e-05
