name,Accuracy,Train Sample,Average Training Time,Average Score Time,Test Accuracy,Test Prediction Time,Test Prediction Time/Sample
no_feature_selection,0.9997,29298,15.82588496208191,0.09300541877746582,0.999897603932009,0.20827913284301758,7.108988082565963e-06
var_threshold,0.9994,29298,10.882687878608703,0.0843991756439209,0.9993856235920541,0.18937468528747559,6.463741050156174e-06
info_gain_ratio,0.9995,29298,9.538357710838318,0.08549880981445312,0.9993173595467267,0.17099976539611816,5.83656786798137e-06
corr_threshold,0.9997,29298,7.734270095825195,0.08540253639221192,0.9998634719093453,0.18952369689941406,6.468827117872007e-06
