name,Accuracy,Train Sample,Average Training Time,Average Score Time,Test Accuracy,Test Prediction Time,Test Prediction Time/Sample
no_feature_selection,0.9997,29298,15.537736129760741,0.09341721534729004,0.9998634719093453,0.20711970329284668,7.069414406882609e-06
var_threshold,0.9995,29298,11.320714855194092,0.08449857234954834,0.9992490955013994,0.18327975273132324,6.255708674016084e-06
info_gain_ratio,0.9995,29298,9.496760392189026,0.07853050231933593,0.9993856235920541,0.1560370922088623,5.325861567644969e-06
corr_threshold,0.9996,29298,7.230913543701172,0.08824720382690429,0.999897603932009,0.1816396713256836,6.19972937830854e-06
