name,Accuracy,Train Sample,Average Training Time,Average Score Time,Test Accuracy,Test Prediction Time,Test Prediction Time/Sample
no_feature_selection,0.9997,29298,40.17097148895264,0.2888388156890869,0.999897603932009,0.2513730525970459,8.579870728276535e-06
var_threshold,0.9995,29298,27.745214462280273,0.3233158111572266,0.9993856235920541,0.2355635166168213,8.040259287897511e-06
info_gain_ratio,0.9995,29298,23.56460633277893,0.36186187267303466,0.9993856235920541,0.23830246925354004,8.133745281368695e-06
corr_threshold,0.9996,29298,23.165562248229982,0.29028775691986086,0.999897603932009,0.35764455795288086,1.2207132157583483e-05
