name,Accuracy,Train Sample,Average Training Time,Average Score Time,Test Accuracy,Test Prediction Time,Test Prediction Time/Sample
no_feature_selection,0.9997,29298,42.600394988059996,0.4638385534286499,0.9998293398866817,0.24202919006347656,8.260945800514593e-06
var_threshold,0.9994,29298,26.987385630607605,0.23855946063995362,0.9992832275240631,0.3326756954193115,1.1354894375701807e-05
info_gain_ratio,0.9994,29298,25.816658234596254,0.2812644958496094,0.9993856235920541,0.19264507293701172,6.575365995529105e-06
corr_threshold,0.9997,29298,20.142083477973937,0.40287516117095945,0.999897603932009,0.20804357528686523,7.100948026720774e-06
