name,Accuracy,Train Sample,Average Training Time,Average Score Time,Test Accuracy,Test Prediction Time,Test Prediction Time/Sample
no_feature_selection,0.9998,29298,14.185962796211243,0.08388719558715821,0.9998634719093453,0.18981361389160156,6.478722571219931e-06
var_threshold,0.9994,29298,10.872088813781739,0.08935103416442872,0.9994538876373814,0.17980480194091797,6.1371015748828574e-06
info_gain_ratio,0.9994,29298,9.213128900527954,0.0810368537902832,0.9992832275240631,0.16296601295471191,5.562359647577033e-06
corr_threshold,0.9997,29298,8.543868279457092,0.09158840179443359,0.999897603932009,0.16991329193115234,5.799484331051688e-06
