name,Accuracy,Train Sample,Avgerage Training Time,Average Score Time,Test Accuracy,Test Prediction Time,Test Prediction Time/Sample
no_feature_selection,0.9997,29298,46.68866105079651,0.44106903076171877,0.9998634719093453,0.3081338405609131,1.0517231229466622e-05
var_threshold,0.9994,29298,31.97875452041626,0.29359917640686034,0.9994197556147177,0.23348689079284668,7.969379848209662e-06
info_gain_ratio,0.9995,29298,24.408060669898987,0.24404075145721435,0.9994538876373814,0.2116544246673584,7.22419361961084e-06
corr_threshold,0.9996,29298,20.664795780181883,0.24630467891693114,0.999897603932009,0.1890397071838379,6.452307569930981e-06
